ID,Location,Price_m,Price,Area,Construction,Parking,Warehouse,Elevator,Floor,Room
"1","گلشهر","8.5","680.0","80","1396","X","OK","OK","۱ از ۵","۲"
"2","گلشهر","8.909","980.0","110","1398","OK","OK","OK","۳ از ۵","۲"
"3","گلشهر","10.341","879.0","85","1395","OK","OK","OK","۵","۲"
"4","گلشهر","8.515","860.0","101","1400","OK","OK","OK","۵ از ۵","۲"
"5","گلشهر","8.846","1150.0","130","1400","OK","OK","OK","۷","۲"
"6","گلشهر","10.125","810.0","80","1395","OK","OK","OK","۱","۲"
"7","گلشهر","13.252","1630.0","123","1398","OK","OK","OK","۵ از ۷","۲"
"8","گلشهر","18.846","2450.0","130","1399","OK","OK","OK","۲ از ۵","۳"
"9","گلشهر","9.615","1250.0","130","1396","OK","OK","OK","۵","۲"
"10","گلشهر","17.216","1515.0","88","1395","OK","OK","OK","۳","۲"
"11","گلشهر","10.941","930.0","85","1395","OK","OK","OK","۲","۲"
"12","گلشهر","18.182","1600.0","88","1397","OK","OK","OK","۲","۲"
"13","گلشهر","15.0","1530.0","102","1396","X","X","OK","۴ از ۴","۲"
"14","گلشهر","12.119","1430.0","118","1400","OK","OK","OK","۴ از ۵","۲"
"15","گلشهر","9.882","840.0","85","1399","OK","OK","OK","۷","۲"
"16","گلشهر","11.991","1319.0","110","1400","OK","OK","OK","همکف","۲"
"17","گلشهر","17.0","2550.0","150","1399","OK","OK","OK","۱ از ۵","۳"
"18","گلشهر","22.5","3150.0","140","1400","OK","OK","OK","۱ از ۴","۳"
"19","گلشهر","15.25","3050.0","200","1400","OK","OK","OK","۵","۴"
"20","گلشهر","11.909","1310.0","110","1400","OK","OK","OK","۳","۲"
"21","گلشهر","12.644","1100.0","87","1400","OK","OK","OK","۴ از ۶","۲"
"22","گلشهر","10.435","1200.0","115","1398","OK","OK","OK","۶","۲"
"23","گلشهر","9.839","610.0","62","1398","OK","X","OK","۴","۱"
"24","گلشهر","6.815","920.0","135","1400","OK","OK","OK","۲","۲"
"25","گلشهر","12.0","1320.0","110","1400","OK","OK","OK","۱ از ۶","۲"
"26","گلشهر","14.615","950.0","65","1396","X","X","OK","۲ از ۳","۱"
"27","گلشهر","13.474","1280.0","95","1399","OK","OK","OK","۳ از ۵","۲"
"28","گلشهر","9.388","1380.0","147","1400","OK","OK","OK","۳ از ۷","۲"
"29","گلشهر","14.167","1700.0","120","1400","OK","OK","OK","۴ از ۵","۲"
"30","گلشهر","15.0","1755.0","117","1397","OK","OK","OK","۲ از ۴","۳"
"31","گلشهر","17.368","1650.0","95","1395","OK","OK","OK","۴","۲"
"32","گلشهر","10.176","865.0","85","1395","OK","OK","OK","۴","۲"
"33","گلشهر","12.8","1600.0","125","1400","OK","OK","OK","۵ از ۶","۲"
"34","گلشهر","14.0","1120.0","80","1398","OK","OK","OK","۳","۲"
"35","گلشهر","22.0","3300.0","150","1400","OK","OK","OK","۴ از ۶","۳"
"36","گلشهر","12.0","1200.0","100","1400","OK","OK","OK","۴","۲"
"37","گلشهر","11.0","1452.0","132","1399","OK","OK","OK","۵","۲"
"38","گلشهر","21.0","1995.0","95","1400","OK","OK","OK","۳","۲"
"39","گلشهر","11.053","840.0","76","1399","OK","OK","OK","۵","۲"
"40","گلشهر","10.0","1000.0","100","1395","OK","OK","OK","۴ از ۵","۲"
"41","گلشهر","11.5","1035.0","90","1400","OK","OK","OK","۲","۲"
"42","گلشهر","12.959","1270.0","98","1400","OK","OK","OK","۴","۲"
"43","گلشهر","9.556","860.0","90","1395","OK","OK","OK","۴ از ۵","۲"
"44","گلشهر","10.0","1270.0","127","1399","OK","OK","OK","۳","۲"
"45","گلشهر","11.714","1230.0","105","1399","OK","OK","OK","۲","۲"
"46","گلشهر","9.684","920.0","95","1396","OK","OK","OK","۲ از ۵","۲"
"47","گلشهر","12.598","1600.0","127","1400","OK","OK","OK","۱","۲"
"48","گلشهر","15.982","1790.0","112","1395","OK","OK","OK","۳","۲"
"49","گلشهر","10.667","1600.0","150","1395","OK","OK","OK","۴ از ۶","۲"
"50","گلشهر","10.0","1450.0","145","1400","OK","OK","OK","۳","۲"
"51","گلشهر","9.5","950.0","100","1398","OK","OK","OK","۲","۲"
"52","گلشهر","13.0","1690.0","130","1399","OK","OK","OK","۳ از ۵","۲"
"53","گلشهر","13.2","1320.0","100","1395","OK","OK","OK","۴ از ۴","۲"
"54","گلشهر","10.156","1300.0","128","1400","OK","OK","OK","۱ از ۷","۲"
"55","گلشهر","13.0","1729.0","133","1400","OK","OK","OK","۴","۳"
"56","گلشهر","10.522","1210.0","115","1397","OK","OK","OK","۶ از ۶","۲"
"57","گلشهر","12.0","1416.0","118","1400","OK","OK","OK","۴","۲"
"58","گلشهر","14.152","1868.0","132","1397","OK","OK","OK","۴","۳"
"59","گلشهر","17.021","2400.0","141","1400","OK","OK","OK","۵ از ۵","۳"
"60","گلشهر","19.048","2000.0","105","1399","OK","OK","OK","۱","۲"
"61","گلشهر","11.765","1000.0","85","1400","OK","OK","OK","۳","۲"
"62","گلشهر","17.416","1550.0","89","1395","OK","OK","OK","۳ از ۵","۲"
"63","گلشهر","11.0","1078.0","98","1400","OK","OK","OK","۴","۲"
"64","گلشهر","10.174","1170.0","115","1395","X","OK","OK","۶ از ۶","۲"
"65","گلشهر","11.933","895.0","75","1397","OK","OK","OK","۱","۲"
"66","گلشهر","11.118","945.0","85","1398","X","OK","OK","۱ از ۵","۲"
"67","گلشهر","11.905","1250.0","105","1400","OK","OK","OK","۵","۲"
"68","گلشهر","11.6","1160.0","100","1399","OK","OK","OK","۴","۲"
"69","گلشهر","11.971","1640.0","137","1400","OK","OK","OK","۲","۲"
"70","گلشهر","13.529","2300.0","170","1400","OK","OK","OK","۵","۲"
"71","گلشهر","12.0","1596.0","133","1400","OK","OK","OK","۲ از ۶","۲"
"72","گلشهر","10.0","1150.0","115","1398","OK","OK","OK","۶","۲"
"73","گلشهر","8.733","655.0","75","1396","OK","OK","OK","۲ از ۵","۲"
"74","گلشهر","10.0","700.0","70","1398","OK","OK","OK","۴ از ۶","۱"
"75","گلشهر","13.0","1690.0","130","1400","OK","OK","OK","۵ از ۵","۲"
"76","گلشهر","7.818","860.0","110","1400","OK","OK","OK","۱","۲"
"77","گلشهر","13.5","1998.0","148","1400","OK","OK","OK","۵","۳"
"78","گلشهر","11.957","1650.0","138","1400","OK","OK","OK","۱","۲"
"79","گلشهر","16.505","1700.0","103","1395","OK","OK","OK","۲ از ۵","۲"
"80","گلشهر","11.993","1667.0","139","1400","OK","OK","OK","۴","۲"
"81","گلشهر","13.0","1664.0","128","1400","OK","OK","OK","۳","۲"
"82","گلشهر","9.231","1200.0","130","1399","OK","OK","OK","۳","۲"
"83","گلشهر","13.76","1376.0","100","1400","OK","OK","OK","۴","۲"
"84","گلشهر","16.0","1200.0","75","1395","OK","OK","OK","۵ از ۵","۲"
"85","گلشهر","15.5","3100.0","200","1395","OK","OK","OK","۵","۴"
"86","گلشهر","12.0","1800.0","150","1397","OK","OK","OK","۲ از ۵","۳"
"87","گلشهر","12.0","1800.0","150","1400","OK","OK","OK","۶","۳"
"88","گلشهر","11.796","1274.0","108","1400","OK","OK","OK","۵","۲"
"89","گلشهر","12.319","1700.0","138","1400","OK","OK","OK","۱","۳"
"90","گلشهر","11.13","1280.0","115","1395","OK","OK","OK","۵ از ۶","۲"
"91","گلشهر","17.0","1530.0","90","1395","OK","OK","OK","۳ از ۵","۲"
"92","گلشهر","15.385","2000.0","130","1395","OK","OK","OK","۳ از ۵","۳"
"93","گلشهر","12.269","1460.0","119","1399","OK","OK","OK","۲","۲"
"94","گلشهر","10.0","550.0","55","1397","OK","OK","OK","۴","۱"
"95","گلشهر","12.0","1656.0","138","1400","OK","OK","OK","۱","۲"
"96","گلشهر","17.857","2500.0","140","1400","OK","OK","OK","۳","۳"
"97","گلشهر","5.2","650.0","125","1400","X","OK","X","زیرهمکف از ۴","بدون اتاق"
"98","گلشهر","11.0","1100.0","100","1400","OK","OK","OK","۳ از ۶","۲"
"99","گلشهر","7.231","470.0","65","1396","X","OK","OK","۲","۱"
"100","گلشهر","11.2","840.0","75","1399","OK","OK","OK","۵","۲"
"101","گلشهر","12.2","1464.0","120","1400","OK","OK","OK","۵","۲"
"102","گلشهر","10.544","1550.0","147","1398","OK","OK","OK","۲","۳"
"103","گلشهر","19.464","2180.0","112","1400","OK","OK","OK","۳","۲"
"104","گلشهر","13.448","1170.0","87","1400","OK","OK","OK","۲","۲"
"105","گلشهر","11.5","1782.5","155","1399","OK","OK","OK","۶ از ۶","۳"
"106","گلشهر","20.833","2000.0","96","1400","OK","OK","OK","۱","۲"
"107","گلشهر","11.983","1414.0","118","1400","OK","OK","OK","۴","۲"
"108","گلشهر","10.357","725.0","70","1395","OK","OK","OK","۲ از ۶","۱"
"109","گلشهر","12.4","930.0","75","1396","OK","OK","OK","۵","۲"
"110","گلشهر","11.538","750.0","65","1400","OK","OK","OK","۲ از ۵","۱"
"111","گلشهر","11.0","1100.0","100","1395","OK","OK","OK","۵ از ۵","۲"
"112","گلشهر","16.536","2530.0","153","1399","OK","OK","OK","۳ از ۴","۲"
"113","گلشهر","12.0","1440.0","120","1400","OK","OK","OK","۲","۲"
"114","گلشهر","22.963","3100.0","135","1400","OK","OK","OK","۲ از ۶","۳"
"115","گلشهر","10.988","890.0","81","1397","OK","OK","OK","۴ از ۶","۲"
"116","گلشهر","9.829","1150.0","117","1398","X","OK","OK","همکف","۲"
"117","گلشهر","14.457","1330.0","92","1397","OK","OK","OK","۳ از ۷","۲"
"118","گلشهر","19.0","2033.0","107","1400","OK","OK","OK","۱ از ۶","۲"
"119","گلشهر","11.5","1150.0","100","1396","OK","OK","OK","۱ از ۷","۲"
"120","گلشهر","13.222","1190.0","90","1400","OK","OK","OK","۲","۲"
"121","گلشهر","16.981","1800.0","106","1400","OK","OK","OK","۱","۲"
"122","گلشهر","12.0","1704.0","142","1400","OK","OK","OK","۵","۲"
"123","گلشهر","12.264","1300.0","106","1400","OK","OK","OK","۵","۲"
"124","گلشهر","7.5","525.0","70","1395","X","OK","X","۱ از ۳","۱"
"125","گلشهر","11.279","970.0","86","1395","OK","OK","OK","۴","۲"
"126","گلشهر","11.2","1456.0","130","1400","OK","OK","OK","۵","۲"
"127","گلشهر","12.0","1620.0","135","1400","OK","OK","OK","۲ از ۵","۲"
"128","گلشهر","11.0","1265.0","115","1400","OK","OK","OK","۱ از ۵","۲"
"129","گلشهر","9.688","930.0","96","1395","OK","OK","OK","۲","۲"
"130","گلشهر","11.441","1350.0","118","1399","OK","OK","OK","۴ از ۵","۲"
"131","گلشهر","13.333","1000.0","75","1396","OK","OK","OK","۳","۲"
"132","گلشهر","9.99","999.0","100","1397","OK","OK","OK","۲ از ۶","۲"
"133","گلشهر","11.862","1720.0","145","1396","OK","OK","OK","۶ از ۶","۳"
"134","گلشهر","20.0","3000.0","150","1399","OK","OK","OK","۴ از ۵","۳"
"135","گلشهر","12.0","1260.0","105","1400","OK","OK","OK","۴","۲"
"136","گلشهر","10.135","1500.0","148","1400","OK","OK","OK","۳","۳"
"137","گلشهر","11.818","1300.0","110","1398","OK","OK","OK","۵ از ۶","۲"
"138","گلشهر","8.667","910.0","105","1395","X","OK","OK","۳","۲"
"139","گلشهر","10.283","1090.0","106","1395","OK","OK","OK","۵","۲"
"140","گلشهر","16.25","1170.0","72","1395","OK","OK","OK","۲ از ۴","۲"
"141","گلشهر","19.4","1940.0","100","1400","OK","OK","OK","۳","۲"
"142","گلشهر","11.2","1848.0","165","1399","OK","OK","OK","۳","۳"
"143","گلشهر","12.197","1427.0","117","1400","OK","OK","OK","۳","۲"
"144","گلشهر","20.37","2200.0","108","1396","OK","OK","OK","۳ از ۸","۲"
"145","گلشهر","19.993","2899.0","145","1398","OK","OK","OK","۲ از ۵","۳"
"146","گلشهر","13.521","1298.0","96","1400","OK","OK","OK","۳ از ۶","۲"
"147","گلشهر","13.728","1565.0","114","1400","OK","OK","OK","۴ از ۶","۲"
"148","گلشهر","9.42","650.0","69","1395","OK","OK","OK","۴ از ۵","۱"
"149","گلشهر","11.62","1650.0","142","1397","OK","OK","OK","۳ از ۵","۲"
"150","گلشهر","12.0","1020.0","85","1397","X","OK","OK","۶ از ۶","۲"
"151","گلشهر","8.0","800.0","100","1397","OK","OK","OK","۱","۲"
"152","گلشهر","12.296","1660.0","135","1400","OK","OK","OK","۴ از ۷","۲"
"153","گلشهر","8.503","1250.0","147","1400","OK","OK","OK","۶","۲"
"154","گلشهر","19.643","2200.0","112","1399","OK","OK","OK","۵ از ۵","۳"
"155","گلشهر","9.0","720.0","80","1396","X","OK","OK","۱ از ۵","۲"
"156","گلشهر","22.0","2200.0","100","1399","OK","OK","OK","۲","۲"
"157","گلشهر","13.462","1750.0","130","1400","OK","OK","OK","۳ از ۸","۲"
"158","گلشهر","12.5","1750.0","140","1400","OK","OK","OK","۳","۳"
"159","گلشهر","8.519","1150.0","135","1399","X","OK","OK","۴ از ۴","۲"
"160","گلشهر","11.224","1100.0","98","1400","OK","OK","OK","۳","۲"
"161","گلشهر","9.091","1000.0","110","1400","OK","OK","OK","۳","۲"
"162","گلشهر","12.138","1760.0","145","1400","OK","OK","OK","۲","۳"
"163","گلشهر","12.667","760.0","60","1395","OK","OK","OK","۶ از ۶","۱"
"164","گلشهر","12.5","1575.0","126","1400","OK","OK","OK","۲","۲"
"165","گلشهر","10.0","1020.0","102","1400","OK","OK","OK","۴","۲"
"166","گلشهر","13.846","1800.0","130","1400","OK","OK","OK","۳ از ۷","۲"
"167","گلشهر","10.909","1200.0","110","1399","OK","OK","OK","۲ از ۶","۲"
"168","گلشهر","10.267","770.0","75","1395","OK","OK","OK","۳ از ۶","۲"
"169","گلشهر","9.0","720.0","80","1395","X","OK","OK","۱","۲"
"170","گلشهر","10.0","1100.0","110","1400","OK","OK","OK","۲ از ۶","۲"
"171","گلشهر","17.6","2200.0","125","1396","OK","OK","OK","۲ از ۴","۲"
"172","گلشهر","10.426","980.0","94","1400","OK","OK","OK","۴ از ۶","۲"
"173","گلشهر","10.5","1680.0","160","1400","OK","OK","OK","همکف از ۶","۳"
"174","گلشهر","11.951","980.0","82","1400","OK","OK","OK","۴","۲"
"175","گلشهر","12.222","1100.0","90","1400","OK","OK","OK","همکف","۲"
"176","گلشهر","9.882","1680.0","170","1399","OK","OK","OK","۲ از ۵","۳"
"177","گلشهر","14.535","1250.0","86","1396","OK","OK","OK","۴","۲"
"178","گلشهر","13.592","1400.0","103","1399","OK","OK","OK","۳","۲"
"179","گلشهر","11.0","1650.0","150","1398","OK","OK","OK","۲","۳"
"180","گلشهر","10.204","1500.0","147","1397","OK","OK","OK","۲ از ۵","۳"
"181","گلشهر","19.5","2535.0","130","1400","OK","OK","OK","۴ از ۵","۳"
"182","گلشهر","10.963","1480.0","135","1399","X","OK","OK","همکف از ۵","۲"
"183","گلشهر","12.393","1450.0","117","1400","OK","OK","OK","۳","۲"
"184","گلشهر","9.2","1380.0","150","1400","OK","OK","OK","۳ از ۵","۲"
"185","گلشهر","9.31","540.0","58","1397","X","OK","OK","۲ از ۶","۱"
"186","گلشهر","11.9","1190.0","100","1399","OK","OK","OK","۴","۲"
"187","گلشهر","10.529","895.0","85","1397","OK","OK","OK","۱ از ۵","۲"
"188","گلشهر","12.071","1690.0","140","1400","OK","OK","OK","۳","۳"
"189","گلشهر","10.944","985.0","90","1400","OK","OK","OK","۴ از ۵","۲"
"190","گلشهر","11.714","1230.0","105","1395","OK","OK","OK","۱ از ۶","۲"
"191","گلشهر","13.883","1430.0","103","1400","OK","OK","OK","۱","۲"
"192","گلشهر","14.082","1380.0","98","1395","OK","OK","OK","۴ از ۵","۲"
"193","گلشهر","10.435","1200.0","115","1397","OK","OK","OK","۴ از ۴","۲"
"194","گلشهر","12.495","1312.0","105","1400","OK","OK","OK","۲","۲"
"195","گلشهر","10.417","1250.0","120","1400","OK","OK","OK","۳ از ۵","۲"
"196","گلشهر","19.5","2574.0","132","1395","OK","OK","OK","۴ از ۵","۲"
"197","گلشهر","19.0","2622.0","138","1400","OK","OK","OK","۵","۳"
"198","گلشهر","13.163","1290.0","98","1400","OK","OK","OK","۳","۲"
"199","گلشهر","18.468","2050.0","111","1400","OK","OK","OK","۱ از ۶","۲"
"200","گلشهر","11.429","1120.0","98","1399","OK","OK","OK","۵","۲"
"201","گلشهر","14.43","2150.0","149","1399","OK","OK","OK","۵ از ۶","۳"
"202","گلشهر","12.242","1616.0","132","1400","OK","OK","OK","۳","۳"
"203","گلشهر","10.75","860.0","80","1395","OK","OK","OK","۴","۲"
"204","گلشهر","12.308","1600.0","130","1400","OK","OK","OK","۴","۳"
"205","گلشهر","12.5","1500.0","120","1400","OK","OK","OK","۴","۲"
"206","گلشهر","11.337","975.0","86","1395","OK","OK","OK","۴","۲"
"207","گلشهر","16.476","1730.0","105","1400","OK","OK","OK","۲ از ۵","۲"
"208","گلشهر","9.308","1210.0","130","1399","OK","OK","OK","۳","۲"
"209","گلشهر","18.077","2350.0","130","1400","OK","OK","OK","۱ از ۵","۳"
"210","گلشهر","10.727","1180.0","110","1400","OK","OK","OK","۲ از ۶","۲"
"211","گلشهر","12.495","1187.0","95","1400","OK","OK","OK","۲","۲"
"212","گلشهر","12.96","1620.0","125","1399","OK","OK","OK","۱","۳"
"213","گلشهر","11.165","1150.0","103","1400","OK","OK","OK","۴","۲"
"214","گلشهر","12.097","1500.0","124","1400","OK","OK","OK","۳","۲"
"215","گلشهر","18.923","2460.0","130","1400","OK","OK","OK","۳ از ۵","۲"
"216","گلشهر","12.0","1860.0","155","1400","OK","OK","OK","۵","۳"
"217","گلشهر","11.5","1380.0","120","1397","OK","OK","OK","۳","۲"
"218","گلشهر","15.0","1935.0","129","1396","OK","OK","OK","۴","۲"
"219","گلشهر","10.496","1207.0","115","1397","OK","OK","OK","۴ از ۴","۲"
"220","گلشهر","12.632","1200.0","95","1400","OK","OK","OK","۲","۲"
"221","گلشهر","10.849","1150.0","106","1396","OK","OK","OK","۵ از ۶","۲"
"222","گلشهر","11.0","1342.0","122","1395","OK","OK","OK","۲","۲"
"223","گلشهر","12.27","1730.0","141","1400","OK","OK","OK","۳","۳"
"224","گلشهر","8.772","500.0","57","1396","X","OK","OK","۴","۱"
"225","گلشهر","11.871","1472.0","124","1400","OK","OK","OK","۳","۲"
"226","گلشهر","14.286","1500.0","105","1399","OK","OK","OK","۱","۲"
"227","گلشهر","12.708","1525.0","120","1400","OK","OK","OK","۳","۲"
"228","گلشهر","9.043","1040.0","115","1396","OK","OK","OK","۲ از ۴","۲"
"229","گلشهر","12.113","1720.0","142","1400","OK","OK","OK","۴","۳"
"230","گلشهر","10.588","900.0","85","1395","OK","OK","OK","۴ از ۱۲","۲"
"231","گلشهر","9.615","1250.0","130","1400","X","OK","OK","۶ از ۵","۲"
"232","گلشهر","16.842","1600.0","95","1395","OK","OK","OK","۱","۲"
"233","گلشهر","10.267","770.0","75","1396","OK","OK","OK","۱","۱"
"234","گلشهر","10.629","1520.0","143","1400","OK","OK","OK","۴","۳"
"235","گلشهر","9.625","770.0","80","1396","OK","OK","OK","۱","۲"
"236","گلشهر","11.0","1628.0","148","1400","OK","OK","OK","۳ از ۵","۳"
"237","گلشهر","12.072","1340.0","111","1398","OK","OK","OK","۴","۲"
"238","گلشهر","12.261","1410.0","115","1400","OK","OK","OK","۴","۲"
"239","گلشهر","11.176","950.0","85","1396","OK","OK","OK","۶","۲"
"240","گلشهر","8.13","1870.0","230","1398","X","OK","OK","۶ از ۶","۳"
"241","گلشهر","12.273","1350.0","110","1400","OK","OK","OK","۲","۲"
"242","گلشهر","13.381","1405.0","105","1399","OK","OK","OK","۳","۲"
"243","گلشهر","11.867","890.0","75","1397","OK","OK","OK","۱","۲"
"244","گلشهر","9.51","970.0","102","1400","OK","OK","OK","۵","۲"
"245","گلشهر","14.0","1232.0","88","1396","OK","OK","OK","۲ از ۷","۲"
"246","گلشهر","11.128","1480.0","133","1400","OK","OK","OK","۱","۳"
"247","گلشهر","17.0","2550.0","150","1396","OK","OK","OK","۳ از ۴","۳"
"248","گلشهر","18.261","2100.0","115","1400","OK","OK","OK","۱ از ۳","۲"
"249","گلشهر","10.0","1170.0","117","1396","OK","OK","OK","۴","۲"
"250","گلشهر","13.75","1650.0","120","1400","OK","OK","OK","۵ از ۶","۲"
"251","گلشهر","7.8","780.0","100","1400","OK","OK","OK","۱","۲"
"252","گلشهر","17.969","2300.0","128","1400","OK","OK","OK","۴","۲"
"253","گلشهر","10.773","1045.0","97","1398","OK","OK","OK","۴","۲"
"254","گلشهر","9.0","900.0","100","1398","OK","OK","OK","۱","۲"
"255","گلشهر","10.764","1184.0","110","1400","OK","OK","OK","۲ از ۲۴","۲"
"256","گلشهر","12.083","1450.0","120","1400","OK","OK","OK","۴","۲"
"257","گلشهر","9.649","550.0","57","1396","X","OK","OK","۴","۱"
"258","گلشهر","21.0","3780.0","180","1399","OK","OK","OK","۳ از ۴","۳"
"259","گلشهر","11.94","1600.0","134","1400","OK","OK","OK","۳","۳"
"260","گلشهر","21.495","2300.0","107","1400","OK","OK","OK","۵","۲"
"261","گلشهر","12.222","1430.0","117","1400","OK","OK","OK","۵","۲"
"262","گلشهر","11.75","940.0","80","1400","OK","OK","OK","۲","۲"
"263","گلشهر","12.0","1284.0","107","1399","OK","OK","OK","۵ از ۶","۲"
"264","گلشهر","19.012","1635.0","86","1400","OK","OK","OK","۳ از ۵","۲"
"265","گلشهر","23.333","3500.0","150","1399","OK","OK","OK","۵","۳"
"266","گلشهر","15.412","2990.0","194","1395","OK","OK","OK","۵","۴"
"267","گلشهر","13.531","1759.0","130","1400","OK","OK","OK","۱ از ۶","۲"
"268","گلشهر","10.476","1100.0","105","1400","OK","OK","OK","۲","۲"
"269","گلشهر","12.19","1280.0","105","1400","OK","OK","OK","۲","۲"
"270","گلشهر","13.5","2011.5","149","1400","OK","OK","OK","۴ از ۶","۳"
"271","گلشهر","11.037","1490.0","135","1400","OK","OK","OK","همکف","۳"
"272","گلشهر","13.632","1295.0","95","1400","OK","OK","OK","۴","۲"
"273","گلشهر","12.37","1670.0","135","1400","OK","OK","OK","۲","۳"
"274","گلشهر","18.0","2700.0","150","1397","OK","OK","OK","۵","۳"
"275","گلشهر","11.531","1130.0","98","1399","OK","OK","OK","۵","۲"
"276","گلشهر","12.8","1792.0","140","1400","OK","OK","OK","۲ از ۵","۳"
"277","گلشهر","12.0","1140.0","95","1400","OK","OK","OK","۴","۲"
"278","گلشهر","11.0","1067.0","97","1396","OK","OK","OK","۲ از ۶","۲"
"279","گلشهر","9.8","980.0","100","1400","OK","OK","OK","۲","۲"
"280","گلشهر","10.588","900.0","85","1397","OK","OK","OK","۱ از ۵","۲"
"281","گلشهر","8.267","620.0","75","1398","X","OK","OK","۳ از ۴","۱"
"282","گلشهر","13.684","1300.0","95","1400","OK","OK","OK","۲","۲"
"283","گلشهر","10.494","850.0","81","1395","OK","OK","OK","۳ از ۵","۲"
"284","گلشهر","5.839","800.0","137","1400","OK","OK","OK","۵ از ۶","۳"
"285","گلشهر","13.487","1578.0","117","1400","OK","OK","OK","۲","۲"
"286","گلشهر","10.889","1470.0","135","1400","OK","OK","OK","همکف از ۶","۳"
"287","گلشهر","10.947","1040.0","95","1399","OK","OK","OK","۷ از ۷","۲"
"288","گلشهر","9.167","1100.0","120","1398","OK","OK","OK","۵ از ۵","۲"
"289","گلشهر","10.769","700.0","65","1400","OK","OK","OK","۵","۱"
"290","گلشهر","13.674","1299.0","95","1400","OK","OK","OK","۲","۲"
"291","گلشهر","12.404","1290.0","104","1400","OK","OK","OK","۵","۲"
"292","گلشهر","11.455","1890.0","165","1400","OK","OK","OK","۳","۳"
"293","گلشهر","9.231","1200.0","130","1400","OK","OK","OK","۶","۲"
"294","گلشهر","16.818","1850.0","110","1395","OK","OK","OK","۴","۲"
"295","گلشهر","10.273","1130.0","110","1396","OK","OK","OK","۵ از ۶","۲"
"296","گلشهر","8.482","950.0","112","1398","OK","OK","OK","۳","۲"
"297","گلشهر","11.321","1200.0","106","1399","OK","OK","OK","۳","۲"
"298","گلشهر","18.475","2180.0","118","1400","OK","OK","OK","۴","۲"
"299","گلشهر","12.066","2147.8","178","1396","OK","OK","OK","۴","۳"
"300","گلشهر","11.7","1287.0","110","1400","OK","OK","OK","۳","۲"
"301","گلشهر","9.091","1000.0","110","1399","OK","OK","OK","۳","۲"
"302","گلشهر","21.176","3600.0","170","1400","OK","OK","OK","۵","۳"
"303","گلشهر","10.0","970.0","97","1400","OK","OK","OK","۴","۲"
"304","گلشهر","12.167","1460.0","120","1399","OK","OK","OK","۲","۲"
"305","گلشهر","9.0","990.0","110","1398","X","OK","OK","۳","۲"
"306","گلشهر","12.545","1380.0","110","1400","OK","OK","OK","۲","۲"
"307","گلشهر","14.476","1520.0","105","1399","OK","OK","OK","۳","۲"
"308","گلشهر","11.275","1150.0","102","1400","OK","OK","OK","۴","۲"
"309","گلشهر","11.607","1300.0","112","1397","OK","OK","OK","۴ از ۴","۲"
"310","گلشهر","11.0","1980.0","180","1400","OK","OK","OK","۳","۳"
"311","گلشهر","10.602","880.0","83","1395","OK","OK","OK","۵","۲"
"312","گلشهر","9.677","900.0","93","1395","OK","OK","OK","۲ از ۵","۲"
"313","گلشهر","9.919","615.0","62","1398","OK","X","OK","۴ از ۱۰","۱"
"314","گلشهر","9.545","1050.0","110","1400","OK","OK","OK","۵ از ۶","۲"
"315","گلشهر","11.429","1600.0","140","1397","OK","OK","OK","۴","۲"
"316","گلشهر","12.891","1650.0","128","1396","OK","OK","OK","۴","۲"
"317","گلشهر","9.529","810.0","85","1395","OK","OK","OK","۴","۲"
"318","گلشهر","16.111","2900.0","180","1396","OK","OK","OK","۳ از ۵","۳"
"319","گلشهر","10.0","1100.0","110","1395","OK","OK","OK","۳ از ۵","۲"
"320","گلشهر","11.463","940.0","82","1400","OK","OK","OK","۳ از ۴","۲"
"321","گلشهر","21.484","3330.0","155","1400","OK","OK","OK","۴ از ۵","۳"
"322","گلشهر","12.0","900.0","75","1395","X","OK","OK","۵","۲"
"323","گلشهر","12.48","1560.0","125","1400","OK","OK","OK","۶","۳"
"324","گلشهر","11.2","560.0","50","1396","OK","OK","OK","۴","۱"
"325","گلشهر","12.492","1499.0","120","1400","OK","OK","OK","۲","۲"
"326","گلشهر","11.966","1400.0","117","1400","OK","OK","OK","۳","۲"
"327","گلشهر","9.0","900.0","100","1400","OK","OK","OK","۳","۲"
"328","گلشهر","20.0","1900.0","95","1400","OK","OK","OK","۳","۲"
"329","گلشهر","9.471","805.0","85","1395","OK","OK","OK","۳ از ۵","۲"
"330","گلشهر","8.7","870.0","100","1397","OK","OK","OK","۳ از ۶","۲"
"331","گلشهر","17.0","2550.0","150","1395","OK","OK","OK","۳ از ۴","۳"
"332","گلشهر","10.5","1050.0","100","1397","OK","OK","OK","۱ از ۵","۲"
"333","گلشهر","11.569","1585.0","137","1400","OK","OK","OK","۲","۲"
"334","گلشهر","20.0","2560.0","128","1400","OK","OK","OK","۵","۳"
"335","گلشهر","14.865","2200.0","148","1400","OK","OK","OK","۳","۳"
"336","گلشهر","13.2","1029.6","78","1397","X","OK","OK","۴ از ۵","۲"
"337","گلشهر","16.225","3245.0","200","1395","OK","OK","OK","۵","۴"
"338","گلشهر","11.832","1550.0","131","1400","OK","OK","OK","۵","۲"
"339","گلشهر","12.074","1630.0","135","1400","OK","OK","OK","۳ از ۶","۳"
"340","گلشهر","11.047","950.0","86","1396","OK","OK","OK","۴","۲"
"341","گلشهر","7.071","495.0","70","1395","X","OK","OK","۱","۱"
"342","گلشهر","10.326","950.0","92","1396","OK","OK","OK","۳","۲"
"343","گلشهر","13.0","1365.0","105","1400","OK","OK","OK","۳","۲"
"344","گلشهر","18.462","2400.0","130","1395","OK","OK","OK","۲ از ۵","۳"
"345","گلشهر","11.522","1060.0","92","1396","OK","OK","OK","۲","۲"
"346","گلشهر","9.895","940.0","95","1397","OK","OK","OK","۲ از ۶","۲"
"347","گلشهر","9.829","1150.0","117","1399","X","OK","OK","همکف","۲"
"348","گلشهر","12.4","1488.0","120","1400","OK","OK","OK","۳","۲"
"349","گلشهر","8.696","1000.0","115","1397","OK","OK","OK","۱","۲"
"350","گلشهر","18.446","2730.0","148","1400","OK","OK","OK","۳","۳"
"351","گلشهر","13.0","1300.0","100","1395","OK","OK","OK","۷","۲"
"352","گلشهر","18.0","1620.0","90","1400","OK","OK","OK","۲ از ۵","۲"
"353","گلشهر","10.0","1500.0","150","1399","OK","OK","OK","۲","۳"
"354","گلشهر","10.25","820.0","80","1395","OK","OK","OK","۲ از ۶","۲"
"355","گلشهر","8.609","990.0","115","1395","OK","OK","OK","۱","۲"
"356","گلشهر","10.9","1090.0","100","1396","OK","OK","OK","۱","۲"
"357","گلشهر","10.884","936.0","86","1395","OK","OK","OK","۴","۲"
"358","گلشهر","9.541","935.0","98","1400","OK","OK","OK","۲","۲"
"359","گلشهر","10.938","1050.0","96","1400","X","OK","OK","۴ از ۶","۲"
"360","گلشهر","13.5","2187.0","162","1400","OK","OK","OK","۶","۳"
"361","گلشهر","12.129","1880.0","155","1400","OK","OK","OK","۴","۳"
"362","گلشهر","9.296","1069.0","115","1400","OK","OK","OK","۴","۲"
"363","گلشهر","14.985","974.0","65","1395","X","OK","OK","۳","۱"
"364","گلشهر","14.133","2120.0","150","1395","OK","OK","OK","۲","۳"
"365","گلشهر","14.419","1240.0","86","1395","OK","OK","OK","۳ از ۴","۲"
"366","گلشهر","8.484","1035.0","122","1397","X","OK","OK","۳","۲"
"367","گلشهر","12.339","1530.0","124","1400","OK","OK","OK","۷","۳"
"368","گلشهر","12.195","1500.0","123","1400","OK","OK","OK","۴","۲"
"369","گلشهر","12.043","1120.0","93","1400","OK","OK","OK","۴","۲"
"370","گلشهر","12.069","1400.0","116","1400","OK","OK","OK","۵","۲"
"371","گلشهر","20.667","3100.0","150","1400","OK","OK","OK","۴","۳"
"372","گلشهر","9.176","780.0","85","1395","OK","OK","OK","۳ از ۵","۲"
"373","گلشهر","8.545","940.0","110","1397","OK","OK","OK","۱","۲"
"374","گلشهر","14.684","1395.0","95","1400","OK","OK","OK","۴","۲"
"375","گلشهر","11.263","1070.0","95","1395","OK","OK","OK","۱ از ۶","۲"
"376","گلشهر","11.927","1300.0","109","1400","OK","OK","OK","۳","۲"
"377","گلشهر","12.24","1530.0","125","1399","OK","OK","OK","۷","۳"
"378","گلشهر","13.333","1200.0","90","1399","OK","OK","OK","۵ از ۶","۲"
"379","گلشهر","12.496","1687.0","135","1400","OK","OK","OK","۳","۳"
"380","گلشهر","8.182","900.0","110","1400","OK","OK","OK","۲ از ۶","۲"
"381","گلشهر","14.051","1377.0","98","1395","OK","OK","OK","۴ از ۴","۲"
"382","گلشهر","13.158","1750.0","133","1399","OK","OK","OK","۴ از ۵","۲"
"383","گلشهر","9.95","995.0","100","1398","OK","OK","OK","۲ از ۷","۲"
"384","گلشهر","16.667","1950.0","117","1400","OK","OK","OK","۱ از ۴","۲"
"385","گلشهر","11.163","960.0","86","1395","OK","OK","OK","۳","۲"
"386","گلشهر","19.231","2750.0","143","1399","OK","OK","OK","۴ از ۵","۳"
"387","گلشهر","11.493","862.0","75","1400","OK","OK","OK","۵","۲"
"388","گلشهر","13.471","2290.0","170","1400","OK","OK","OK","۷","۳"
"389","گلشهر","19.444","2100.0","108","1395","OK","OK","OK","۲ از ۵","۲"
"390","گلشهر","15.926","2150.0","135","1395","OK","OK","OK","۲ از ۴","۳"
"391","گلشهر","10.0","2500.0","250","1398","OK","X","OK","۶","۴"
"392","گلشهر","8.347","626.0","75","1397","X","X","X","۲","۱"
"393","گلشهر","11.4","1881.0","165","1400","OK","OK","OK","۳ از ۴","۳"
"394","گلشهر","10.957","1260.0","115","1397","OK","OK","OK","۴ از ۷","۲"
"395","گلشهر","11.783","1355.0","115","1398","OK","OK","OK","۵","۲"
"396","گلشهر","18.792","2800.0","149","1399","OK","OK","OK","۲ از ۵","۳"
"397","گلشهر","11.727","1290.0","110","1398","X","OK","OK","۳","۲"
"398","گلشهر","8.971","628.0","70","1395","OK","OK","OK","۴","۲"
"399","گلشهر","11.917","1430.0","120","1399","OK","OK","OK","۲ از ۵","۲"
"400","گلشهر","18.667","2800.0","150","1397","OK","OK","OK","۲ از ۴","۳"
"401","گلشهر","18.0","2070.0","115","1396","OK","OK","OK","۵","۲"
"402","گلشهر","13.048","1370.0","105","1400","OK","OK","OK","۶","۲"
"403","گلشهر","16.541","2200.0","133","1397","OK","OK","OK","۲","۳"
"404","گلشهر","21.0","2625.0","125","1400","OK","OK","OK","۳","۳"
"405","گلشهر","16.526","1570.0","95","1400","OK","OK","OK","۳ از ۶","۲"
"406","گلشهر","12.706","1080.0","85","1395","OK","OK","OK","۴","۲"
"407","گلشهر","9.677","1500.0","155","1400","OK","OK","OK","۶","۳"
"408","گلشهر","12.5","1062.5","85","1395","OK","OK","OK","۴ از ۶","۲"
"409","گلشهر","10.286","720.0","70","1397","OK","OK","OK","۴","۱"
"410","گلشهر","18.444","1660.0","90","1400","OK","OK","OK","۴","۲"
"411","گلشهر","11.696","1462.0","125","1400","OK","OK","OK","۳","۲"
"412","گلشهر","8.095","939.0","116","1396","OK","OK","OK","۱ از ۵","۲"
"413","گلشهر","12.8","960.0","75","1399","OK","OK","OK","۵","۲"
"414","گلشهر","11.176","950.0","85","1399","OK","OK","OK","۶ از ۶","۲"
"415","گلشهر","10.526","1000.0","95","1400","OK","OK","OK","۳ از ۵","۲"
"416","گلشهر","12.381","1300.0","105","1395","OK","OK","OK","۳ از ۴","۲"
"417","گلشهر","12.6","1260.0","100","1399","OK","OK","OK","۴","۲"
"418","گلشهر","10.0","850.0","85","1396","OK","OK","OK","۴","۲"
"419","گلشهر","11.797","1746.0","148","1399","OK","OK","OK","۵","۳"
"420","گلشهر","11.992","1499.0","125","1396","OK","OK","OK","۳ از ۶","۲"
"421","گلشهر","18.072","3000.0","166","1395","OK","OK","OK","۴ از ۱۵","۳"
"422","گلشهر","10.943","1160.0","106","1398","X","X","OK","۱","۲"
"423","گلشهر","13.0","1300.0","100","1400","OK","OK","OK","۴","۲"
"424","گلشهر","18.382","2500.0","136","1396","OK","OK","OK","۱","۳"
"425","گلشهر","12.0","1080.0","90","1400","OK","OK","OK","۴","۲"
"426","گلشهر","12.409","1700.0","137","1400","OK","OK","OK","۱","۳"
"427","گلشهر","13.0","1560.0","120","1400","OK","OK","OK","۴","۲"
"428","گلشهر","9.286","650.0","70","1400","OK","OK","OK","همکف از ۵","۱"
"429","گلشهر","13.008","1600.0","123","1400","OK","OK","OK","۵","۲"
"430","گلشهر","12.48","1560.0","125","1399","OK","OK","OK","۵","۲"
"431","گلشهر","21.444","1930.0","90","1398","OK","OK","OK","۲ از ۶","۲"
"432","گلشهر","12.299","1439.0","117","1399","OK","OK","OK","۵","۲"
"433","گلشهر","11.6","1160.0","100","1396","OK","OK","OK","۱","۲"
"434","گلشهر","12.528","1779.0","142","1400","OK","OK","OK","۱","۳"
"435","گلشهر","18.0","2250.0","125","1399","OK","OK","OK","۵ از ۵","۳"
"436","گلشهر","13.824","2350.0","170","1399","OK","OK","OK","۶","۳"
"437","گلشهر","18.75","1650.0","88","1399","OK","OK","OK","۲","۲"
"438","گلشهر","11.0","1100.0","100","1399","OK","OK","OK","۲","۲"
"439","گلشهر","18.919","2800.0","148","1398","OK","OK","OK","۲","۳"
"440","گلشهر","12.5","1687.5","135","1400","OK","OK","OK","۳ از ۶","۲"
"441","گلشهر","17.0","1445.0","85","1395","OK","OK","OK","۳ از ۵","۲"
"442","گلشهر","11.983","1450.0","121","1400","OK","OK","OK","۳","۲"
"443","گلشهر","11.176","950.0","85","1397","X","OK","OK","۱ از ۵","۲"
"444","گلشهر","12.0","1476.0","123","1400","OK","OK","OK","۴","۲"
"445","گلشهر","11.455","1260.0","110","1400","OK","OK","OK","۵ از ۵","۲"
"446","گلشهر","12.0","1500.0","125","1400","OK","OK","OK","۷","۳"
"447","گلشهر","12.237","930.0","76","1400","OK","OK","OK","۵","۲"
"448","گلشهر","18.0","2700.0","150","1400","OK","OK","OK","۴","۳"
"449","گلشهر","13.813","1036.0","75","1397","OK","OK","OK","۲ از ۶","۲"
"450","گلشهر","17.213","2100.0","122","1395","OK","OK","OK","۲","۲"
"451","گلشهر","14.359","2398.0","167","1400","OK","OK","OK","۴","۳"
"452","گلشهر","10.593","1250.0","118","1398","OK","OK","OK","۴","۲"
"453","گلشهر","11.5","1150.0","100","1400","OK","OK","OK","۴","۲"
"454","گلشهر","17.667","2650.0","150","1400","OK","OK","OK","۴","۳"
"455","گلشهر","15.979","1550.0","97","1395","OK","OK","OK","۳","۲"
"456","گلشهر","11.6","1450.0","125","1400","OK","OK","OK","۷","۲"
"457","گلشهر","13.0","2210.0","170","1400","OK","OK","OK","۵","۳"
"458","گلشهر","13.393","1500.0","112","1397","OK","OK","OK","۴","۲"
"459","گلشهر","18.5","1850.0","100","1397","X","OK","OK","۴ از ۴","۲"
"460","گلشهر","10.0","800.0","80","1400","OK","OK","OK","۱ از ۵","۲"
"461","گلشهر","8.763","850.0","97","1399","OK","OK","OK","۱ از ۶","۲"
"462","گلشهر","8.148","1100.0","135","1400","X","OK","OK","۲","۲"
"463","گلشهر","22.0","1980.0","90","1398","OK","OK","OK","۲ از ۶","۲"
"464","گلشهر","8.621","500.0","58","1396","X","OK","OK","۴ از ۵","۱"
"465","گلشهر","12.0","960.0","80","1400","OK","OK","OK","۵","۲"
"466","گلشهر","11.047","950.0","86","1397","OK","OK","OK","۴","۲"
"467","گلشهر","13.008","1600.0","123","1396","OK","OK","OK","۵ از ۶","۲"
"468","گلشهر","11.0","1430.0","130","1396","OK","OK","OK","۱","۳"
"469","گلشهر","10.714","1500.0","140","1398","OK","OK","OK","۴","۲"
"470","گلشهر","11.458","1100.0","96","1400","OK","OK","OK","۲","۲"
"471","گلشهر","10.989","2011.0","183","1400","OK","OK","OK","۴ از ۶","۳"
"472","گلشهر","13.0","1300.0","100","1396","OK","OK","OK","۴","۲"
"473","گلشهر","10.833","1300.0","120","1400","OK","OK","OK","۶ از ۶","۲"
"474","گلشهر","18.0","2700.0","150","1398","OK","OK","OK","۲ از ۴","۳"
"475","گلشهر","12.048","1265.0","105","1398","X","OK","OK","۲ از ۵","۲"
"476","گلشهر","11.796","1616.0","137","1400","OK","OK","OK","۱","۲"
"477","گلشهر","11.96","1495.0","125","1400","OK","OK","OK","۷","۳"
"478","گلشهر","11.574","1250.0","108","1400","OK","OK","OK","۵ از ۵","۲"
"479","گلشهر","12.308","1440.0","117","1400","OK","OK","OK","۵","۲"
"480","گلشهر","11.506","978.0","85","1400","OK","OK","OK","۳","۲"
"481","گلشهر","12.227","1345.0","110","1400","OK","OK","OK","۳ از ۷","۲"
"482","گلشهر","11.387","1264.0","111","1400","OK","OK","OK","۶","۲"
"483","گلشهر","11.5","920.0","80","1400","OK","OK","OK","۵","۲"
"484","گلشهر","19.769","2570.0","130","1400","OK","OK","OK","۳ از ۵","۳"
"485","گلشهر","16.0","2000.0","125","1395","OK","OK","OK","۵","۲"
"486","گلشهر","12.296","1746.0","142","1400","OK","OK","OK","۲","۲"
"487","گلشهر","11.373","1160.0","102","1400","OK","OK","OK","۴","۲"
"488","گلشهر","12.376","1250.0","101","1399","OK","OK","OK","۵ از ۶","۲"
"489","گلشهر","11.238","1180.0","105","1395","OK","OK","OK","۱","۲"
"490","گلشهر","11.34","1100.0","97","1396","OK","OK","OK","۲ از ۶","۲"
"491","گلشهر","12.984","1597.0","123","1399","OK","OK","OK","۴","۲"
"492","گلشهر","10.5","1050.0","100","1396","OK","OK","OK","۴","۲"
"493","گلشهر","12.258","1900.0","155","1400","OK","OK","OK","۲","۳"
"494","گلشهر","18.182","2200.0","121","1395","OK","OK","OK","۲","۲"
"495","گلشهر","10.7","1070.0","100","1395","OK","OK","OK","۵ از ۶","۲"
"496","گلشهر","17.8","2670.0","150","1396","OK","OK","OK","۵","۳"
"497","گلشهر","11.111","1000.0","90","1400","OK","OK","OK","۴","۲"
"498","گلشهر","12.353","1050.0","85","1395","OK","OK","OK","۱","۲"
"499","گلشهر","10.0","900.0","90","1396","OK","OK","OK","۲","۲"
"500","گلشهر","10.5","1050.0","100","1395","OK","OK","OK","۴ از ۵","۲"
"501","گلشهر","18.5","2775.0","150","1400","OK","OK","OK","۳","۳"
"502","گلشهر","11.333","1020.0","90","1396","OK","OK","OK","۱ از ۶","۲"
"503","گلشهر","10.34","1034.0","100","1397","OK","OK","OK","۵","۲"
"504","گلشهر","21.0","2058.0","98","1400","OK","OK","OK","۳","۲"
"505","گلشهر","14.896","1430.0","96","1396","OK","OK","OK","۲","۲"
"506","گلشهر","20.0","2600.0","130","1400","OK","OK","OK","۱","۳"
"507","گلشهر","9.412","800.0","85","1398","OK","OK","OK","۴ از ۶","۲"
"508","گلشهر","11.926","1610.0","135","1400","OK","OK","OK","۲","۳"
"509","گلشهر","18.75","2700.0","144","1400","OK","OK","OK","۱","۳"
"510","گلشهر","9.333","700.0","75","1395","X","OK","OK","۴ از ۶","۲"
"511","گلشهر","13.75","1650.0","120","1397","OK","OK","OK","۴ از ۶","۲"
"512","گلشهر","14.923","970.0","65","1395","X","OK","OK","۳","۱"
"513","گلشهر","14.0","2338.0","167","1400","OK","OK","OK","۳ از ۶","۳"
"514","گلشهر","12.2","1342.0","110","1400","OK","OK","OK","۲ از ۷","۲"
"515","گلشهر","13.592","1400.0","103","1400","OK","OK","OK","۳ از ۷","۲"
"516","گلشهر","11.0","935.0","85","1400","X","OK","OK","۳","۲"
"517","گلشهر","9.08","1135.0","125","1396","OK","OK","OK","۲","۲"
"518","گلشهر","6.267","470.0","75","1395","OK","OK","OK","۶","۲"
"519","گلشهر","16.496","2095.0","127","1400","OK","OK","OK","۱","۲"
"520","گلشهر","8.8","880.0","100","1399","X","OK","OK","۶ از ۶","۲"
"521","گلشهر","11.565","1700.0","147","1400","OK","OK","OK","۴","۳"
"522","گلشهر","17.077","2220.0","130","1396","OK","OK","OK","۳ از ۶","۳"
"523","گلشهر","17.832","2550.0","143","1398","OK","OK","OK","۳ از ۵","۳"
"524","گلشهر","8.785","940.0","107","1400","OK","OK","OK","۵ از ۵","۲"
"525","گلشهر","17.667","2650.0","150","1399","OK","OK","OK","۴","۳"
"526","گلشهر","11.739","1350.0","115","1400","OK","OK","OK","۳","۲"
"527","گلشهر","10.441","710.0","68","1395","X","OK","OK","۵","۱"
"528","گلشهر","8.5","1275.0","150","1400","OK","OK","OK","۵ از ۱۱","۲"
"529","گلشهر","12.879","1700.0","132","1400","OK","OK","OK","۴","۳"
"530","گلشهر","9.0","765.0","85","1400","OK","OK","OK","۴","۲"
"531","گلشهر","18.5","2368.0","128","1400","OK","OK","OK","۴","۲"
"532","گلشهر","7.588","645.0","85","1400","OK","OK","X","۱ از ۳","۲"
"533","گلشهر","11.5","1840.0","160","1397","OK","OK","OK","۷","۳"
"534","گلشهر","9.0","990.0","110","1400","OK","OK","OK","۴ از ۵","۲"
"535","گلشهر","25.5","3825.0","150","1397","OK","OK","OK","۳","۲"
"536","گلشهر","10.529","737.0","70","1397","OK","OK","OK","۳","۱"
"537","گلشهر","18.382","2500.0","136","1400","OK","OK","OK","۴","۲"
"538","گلشهر","10.455","1150.0","110","1398","OK","OK","OK","۴ از ۵","۲"
"539","گلشهر","10.139","730.0","72","1400","X","OK","OK","۵","۲"
"540","گلشهر","18.231","2370.0","130","1400","OK","OK","OK","۳","۳"
"541","گلشهر","19.412","1650.0","85","1396","OK","OK","OK","۳","۲"
"542","گلشهر","10.5","1155.0","110","1395","OK","OK","OK","۱ از ۶","۲"
"543","گلشهر","10.083","1210.0","120","1398","OK","OK","OK","۲","۲"
"544","گلشهر","17.931","2600.0","145","1400","OK","OK","OK","۴","۳"
"545","گلشهر","13.333","1000.0","75","1399","OK","OK","OK","۱ از ۶","۲"
"546","گلشهر","8.762","920.0","105","1396","OK","OK","OK","۲","۲"
"547","گلشهر","11.739","1350.0","115","1397","OK","OK","OK","۴ از ۶","۲"
"548","گلشهر","11.5","1150.0","100","1399","OK","OK","OK","۴","۲"
"549","گلشهر","11.0","1375.0","125","1399","X","OK","OK","۶","۲"
"550","گلشهر","13.402","1300.0","97","1400","OK","OK","OK","۴ از ۷","۲"
"551","گلشهر","12.513","1464.0","117","1399","OK","OK","OK","۵","۲"
"552","گلشهر","22.0","2442.0","111","1400","OK","OK","OK","۶","۲"
"553","گلشهر","10.909","1200.0","110","1396","OK","OK","OK","۱ از ۶","۲"
"554","گلشهر","22.0","3740.0","170","1400","OK","OK","OK","۵","۳"
"555","گلشهر","13.017","1510.0","116","1399","OK","OK","OK","۱","۲"
"556","گلشهر","12.571","2200.0","175","1395","OK","OK","OK","۶ از ۶","۳"
"557","گلشهر","12.5","1475.0","118","1400","OK","OK","OK","۳","۲"
"558","گلشهر","13.008","1600.0","123","1399","OK","OK","OK","۴","۲"
"559","گلشهر","10.511","1440.0","137","1400","OK","OK","OK","۱","۳"
"560","گلشهر","9.16","1200.0","131","1399","OK","OK","OK","۳ از ۷","۲"
"561","گلشهر","19.444","1750.0","90","1400","OK","OK","OK","۱ از ۵","۲"
"562","گلشهر","7.455","820.0","110","1399","OK","OK","OK","۲","۲"
"563","گلشهر","12.094","1415.0","117","1400","OK","OK","OK","۶","۲"
"564","گلشهر","20.0","2560.0","128","1395","OK","OK","OK","۱ از ۵","۳"
"565","گلشهر","15.991","1695.0","106","1395","OK","X","OK","۲ از ۴","۲"
"566","گلشهر","12.097","1875.0","155","1400","OK","OK","OK","۴","۳"
"567","گلشهر","10.0","610.0","61","1400","OK","OK","OK","۴","۱"
"568","گلشهر","14.0","1568.0","112","1396","OK","OK","OK","۶ از ۷","۲"
"569","گلشهر","11.7","1170.0","100","1398","OK","OK","OK","۲","۲"
"570","گلشهر","18.919","2100.0","111","1397","OK","OK","OK","۴ از ۴","۲"
"571","گلشهر","21.354","2050.0","96","1400","OK","OK","OK","۲ از ۶","۲"
"572","گلشهر","18.229","1750.0","96","1400","OK","OK","OK","۶ از ۶","۲"
"573","گلشهر","10.833","1300.0","120","1397","OK","OK","OK","۶","۲"
"574","گلشهر","11.707","960.0","82","1399","OK","OK","OK","۳ از ۴","۲"
"575","گلشهر","12.295","1500.0","122","1400","OK","OK","OK","۴","۳"
"576","گلشهر","13.008","1600.0","123","1398","OK","OK","OK","۴","۲"
"577","گلشهر","13.0","1430.0","110","1395","OK","OK","OK","۳","۲"
"578","گلشهر","11.0","1320.0","120","1400","OK","OK","OK","۶","۲"
"579","گلشهر","12.2","1525.0","125","1397","OK","OK","OK","۳ از ۶","۳"
"580","گلشهر","19.565","1800.0","92","1395","OK","OK","OK","۱ از ۴","۲"
"581","گلشهر","15.199","2143.0","141","1400","OK","OK","OK","۶","۳"
"582","گلشهر","17.5","2100.0","120","1400","OK","OK","OK","۲ از ۴","۲"
"583","گلشهر","10.0","1250.0","125","1399","OK","OK","OK","۵ از ۶","۳"
"584","گلشهر","19.0","1938.0","102","1400","OK","OK","OK","۲","۲"
"585","گلشهر","9.592","940.0","98","1399","OK","OK","OK","۲","۲"
"586","گلشهر","13.78","1750.0","127","1397","OK","OK","OK","۴","۳"
"587","گلشهر","12.007","1645.0","137","1400","OK","OK","OK","۲","۳"
"588","گلشهر","11.533","865.0","75","1400","OK","OK","OK","۵","۲"
"589","گلشهر","13.846","900.0","65","1395","X","OK","OK","۲ از ۳","۱"
"590","گلشهر","12.8","1280.0","100","1399","OK","OK","OK","۱","۲"
"591","گلشهر","18.0","2340.0","130","1400","OK","OK","OK","۵","۳"
"592","گلشهر","11.898","1630.0","137","1400","OK","OK","OK","۱","۲"
"593","گلشهر","11.786","1650.0","140","1400","OK","OK","OK","۲","۲"
"594","گلشهر","10.5","1260.0","120","1399","OK","OK","OK","۵","۲"
"595","گلشهر","11.447","870.0","76","1400","OK","OK","OK","۵","۲"
"596","گلشهر","12.816","1320.0","103","1400","OK","OK","OK","۳","۲"
"597","گلشهر","12.3","1476.0","120","1400","OK","OK","OK","۳","۲"
"598","گلشهر","10.155","985.0","97","1400","OK","OK","OK","۵","۲"
"599","گلشهر","13.0","1430.0","110","1400","OK","OK","OK","۴","۲"
"600","گلشهر","12.455","1370.0","110","1400","OK","OK","OK","۳","۲"
"601","گلشهر","11.972","1700.0","142","1400","OK","OK","OK","۴","۳"
"602","گلشهر","14.0","1050.0","75","1399","OK","OK","OK","۱","۲"
"603","گلشهر","18.0","1800.0","100","1400","OK","OK","OK","۳","۲"
"604","گلشهر","12.5","1375.0","110","1400","OK","OK","OK","۲","۲"
"605","گلشهر","10.743","1590.0","148","1400","OK","OK","OK","۶ از ۶","۳"
"606","گلشهر","12.496","1562.0","125","1400","OK","OK","OK","۳","۲"
"607","گلشهر","12.0","1740.0","145","1400","OK","OK","OK","۱","۳"
"608","گلشهر","14.309","1760.0","123","1400","OK","OK","OK","۳","۳"
"609","گلشهر","12.308","1600.0","130","1395","OK","OK","OK","۱","۳"
"610","گلشهر","14.167","1190.0","84","1398","OK","OK","OK","۱ از ۴","۲"
"611","گلشهر","10.0","980.0","98","1399","OK","OK","OK","۲ از ۶","۲"
"612","گلشهر","7.386","650.0","88","1398","OK","OK","OK","۴","۲"
"613","گلشهر","16.126","1790.0","111","1395","OK","OK","OK","۳","۲"
"614","گلشهر","13.6","1020.0","75","1398","OK","OK","OK","۲","۲"
"615","گلشهر","12.037","1300.0","108","1399","OK","OK","OK","۳","۲"
"616","گلشهر","12.5","1200.0","96","1400","OK","OK","OK","۴","۲"
"617","گلشهر","12.8","1664.0","130","1400","OK","OK","OK","۵","۳"
"618","گلشهر","12.174","1400.0","115","1400","OK","OK","OK","۵","۲"
"619","گلشهر","19.027","2150.0","113","1400","OK","OK","OK","۵ از ۶","۲"
"620","گلشهر","10.0","1350.0","135","1397","OK","OK","OK","۷ از ۷","۲"
"621","گلشهر","9.388","920.0","98","1400","OK","OK","OK","۲","۲"
"622","گلشهر","8.675","694.0","80","1396","X","OK","OK","۱","۲"
"623","گلشهر","12.931","1500.0","116","1395","OK","OK","OK","۴","۲"
"624","گلشهر","9.47","1250.0","132","1398","OK","OK","OK","۲ از ۵","۲"
"625","گلشهر","11.429","1200.0","105","1396","OK","OK","OK","۶ از ۱۲","۲"
"626","گلشهر","14.286","1500.0","105","1398","OK","OK","OK","۱ از ۶","۲"
"627","گلشهر","27.586","4000.0","145","1400","OK","OK","OK","۲","۳"
"628","گلشهر","10.455","1380.0","132","1396","OK","OK","OK","۷ از ۷","۲"
"629","گلشهر","12.444","1120.0","90","1400","X","OK","OK","۵","۲"
"630","گلشهر","17.889","1610.0","90","1400","OK","OK","OK","۲","۲"
"631","گلشهر","17.458","2060.0","118","1400","OK","OK","OK","۳","۲"
"632","گلشهر","11.215","1200.0","107","1399","OK","OK","OK","همکف","۲"
"633","گلشهر","10.667","960.0","90","1397","OK","OK","OK","۱ از ۷","۲"
"634","گلشهر","19.492","2300.0","118","1400","OK","OK","OK","۴ از ۵","۳"
"635","گلشهر","22.628","3100.0","137","1400","OK","OK","OK","۱ از ۵","۳"
"636","گلشهر","13.0","988.0","76","1398","OK","OK","OK","۴","۲"
"637","گلشهر","12.52","1590.0","127","1400","OK","OK","OK","۴ از ۵","۲"
"638","گلشهر","12.5","2062.5","165","1400","OK","OK","OK","۵ از ۵","۳"
"639","گلشهر","10.645","1650.0","155","1400","OK","OK","OK","۳","۳"
"640","گلشهر","10.4","1040.0","100","1396","OK","OK","OK","۴","۲"
"641","گلشهر","20.0","2100.0","105","1400","OK","OK","OK","۵ از ۱۲","۲"
"642","گلشهر","10.522","1410.0","134","1400","X","OK","OK","همکف","۲"
"643","گلشهر","11.5","1104.0","96","1400","OK","OK","OK","۲ از ۱۲","۲"
"644","گلشهر","15.169","1790.0","118","1396","OK","OK","OK","۲","۲"
"645","گلشهر","20.5","2173.0","106","1400","OK","OK","OK","۵","۲"
"646","گلشهر","10.274","750.0","73","1395","X","OK","OK","۴","۲"
"647","گلشهر","12.486","1773.0","142","1400","OK","OK","OK","۳","۳"
"648","گلشهر","14.3","1859.0","130","1399","OK","OK","OK","۳","۲"
"649","گلشهر","17.0","1615.0","95","1400","OK","OK","OK","۳","۲"
"650","گلشهر","12.0","1440.0","120","1395","OK","OK","OK","۳","۲"
"651","گلشهر","12.65","1518.0","120","1400","OK","OK","OK","۲","۲"
"652","گلشهر","21.0","2100.0","100","1400","OK","OK","OK","۳","۲"
"653","گلشهر","10.583","1217.0","115","1400","OK","OK","OK","۴ از ۵","۲"
"654","گلشهر","16.824","1430.0","85","1395","OK","OK","OK","۶","۲"
"655","گلشهر","10.985","1450.0","132","1400","OK","OK","OK","۶","۲"
"656","گلشهر","12.211","1160.0","95","1400","OK","OK","OK","۴","۲"
"657","گلشهر","20.952","2200.0","105","1400","OK","OK","OK","۳ از ۶","۲"
"658","گلشهر","17.5","1750.0","100","1400","OK","OK","OK","۳ از ۵","۲"
"659","گلشهر","16.168","2700.0","167","1397","OK","OK","OK","۴ از ۴","۳"
"660","گلشهر","11.0","1100.0","100","1398","OK","OK","OK","۱","۲"
"661","گلشهر","17.29","1850.0","107","1395","OK","OK","OK","۵ از ۵","۲"
"662","گلشهر","11.7","1579.5","135","1400","OK","OK","OK","۳","۳"
"663","گلشهر","12.5","1100.0","88","1397","OK","OK","OK","۱","۲"
"664","گلشهر","11.0","1133.0","103","1397","OK","OK","OK","۲ از ۵","۳"
"665","گلشهر","12.0","1320.0","110","1395","OK","OK","OK","۵","۲"
"666","گلشهر","11.0","1100.0","100","1396","OK","OK","OK","۴ از ۵","۲"
"667","گلشهر","17.73","2500.0","141","1400","OK","OK","OK","۵ از ۵","۳"
"668","گلشهر","14.896","1430.0","96","1395","OK","OK","OK","۲ از ۴","۲"
"669","گلشهر","18.456","2750.0","149","1400","OK","OK","OK","۵","۳"
"670","گلشهر","8.545","940.0","110","1399","OK","OK","OK","۳","۲"
"671","گلشهر","19.811","2100.0","106","1400","OK","OK","OK","۱","۲"
"672","گلشهر","0.588","47.0","80","1395","OK","OK","OK","۱ از ۲","۱"
"673","گلشهر","16.469","2355.0","143","1396","OK","OK","OK","۱ از ۴","۳"
"674","گلشهر","12.857","1800.0","140","1400","OK","OK","OK","همکف از ۶","۳"
"675","گلشهر","11.2","1848.0","165","1400","OK","OK","OK","۳","۳"
"676","گلشهر","11.5","1759.5","153","1400","OK","OK","OK","۳","۳"
"677","گلشهر","7.333","660.0","90","1400","X","OK","X","زیرهمکف","۲"
"678","گلشهر","12.0","1980.0","165","1400","OK","OK","OK","۴","۳"
"679","گلشهر","8.702","905.0","104","1395","OK","OK","OK","۳","۲"
"680","گلشهر","10.0","980.0","98","1400","OK","OK","OK","۲","۲"
"681","گلشهر","11.429","1200.0","105","1398","OK","OK","OK","۵ از ۵","۲"
"682","گلشهر","15.498","3642.0","235","1400","OK","OK","OK","۶","۳"
"683","گلشهر","12.0","1020.0","85","1400","OK","OK","OK","۳","۲"
"684","گلشهر","11.25","1350.0","120","1399","OK","OK","OK","همکف","۲"
"685","گلشهر","11.15","1115.0","100","1400","OK","OK","OK","همکف","۲"
"686","گلشهر","13.529","1150.0","85","1397","OK","OK","OK","۱ از ۶","۲"
"687","گلشهر","12.476","1310.0","105","1400","OK","OK","OK","۳","۲"
"688","گلشهر","12.535","1780.0","142","1400","OK","OK","OK","۴","۳"
"689","گلشهر","9.333","588.0","63","1400","OK","OK","OK","۵","۱"
"690","گلشهر","9.385","1220.0","130","1398","OK","OK","OK","۴","۳"
"691","گلشهر","11.484","1780.0","155","1400","OK","OK","OK","۵","۲"
"692","گلشهر","18.222","1640.0","90","1400","OK","OK","OK","۳","۲"
"693","گلشهر","12.0","1524.0","127","1400","OK","OK","OK","۵","۳"
"694","گلشهر","13.0","1755.0","135","1400","OK","OK","OK","۳","۴"
"695","گلشهر","11.129","1380.0","124","1400","OK","OK","OK","۳","۳"
"696","گلشهر","13.669","1613.0","118","1395","OK","OK","OK","۲","۲"
"697","گلشهر","10.897","850.0","78","1396","OK","OK","OK","۶","۲"
"698","گلشهر","13.333","2600.0","195","1400","OK","OK","OK","همکف از ۶","۳"
"699","گلشهر","10.5","1050.0","100","1398","OK","OK","OK","۴ از ۵","۲"
"700","گلشهر","10.467","785.0","75","1395","X","OK","OK","۳ از ۵","۲"
"701","گلشهر","11.84","1480.0","125","1400","OK","OK","OK","۲","۲"
"702","گلشهر","12.24","1530.0","125","1395","OK","OK","OK","۳","۲"
"703","گلشهر","11.494","1000.0","87","1395","OK","OK","OK","۵","۲"
"704","گلشهر","13.218","1150.0","87","1400","OK","OK","OK","۱","۲"
"705","گلشهر","13.333","2400.0","180","1398","OK","OK","OK","۱ از ۶","۳"
"706","گلشهر","11.818","1300.0","110","1400","OK","OK","OK","۵","۲"
"707","گلشهر","9.077","1180.0","130","1400","OK","OK","OK","۳","۲"
"708","گلشهر","8.854","850.0","96","1400","OK","OK","OK","۶","۲"
"709","گلشهر","9.713","845.0","87","1395","OK","OK","OK","۴ از ۶","۲"
"710","گلشهر","11.067","830.0","75","1400","OK","OK","OK","۵","۲"
"711","گلشهر","9.694","950.0","98","1400","OK","OK","OK","۲","۲"
"712","گلشهر","13.529","1150.0","85","1398","OK","OK","OK","۱","۲"
"713","گلشهر","12.667","950.0","75","1400","OK","OK","OK","۳","۲"
"714","گلشهر","20.0","2100.0","105","1399","OK","OK","OK","۱ از ۵","۲"
"715","گلشهر","10.5","1491.0","142","1400","OK","OK","OK","۳","۳"
"716","گلشهر","17.266","2400.0","139","1397","OK","OK","OK","۲","۳"
"717","گلشهر","10.87","1250.0","115","1395","OK","OK","OK","۴","۲"
"718","گلشهر","8.913","820.0","92","1400","OK","OK","OK","۱","۲"
"719","گلشهر","11.0","1540.0","140","1400","OK","OK","OK","۱","۲"
"720","گلشهر","12.0","1260.0","105","1399","OK","OK","OK","۵ از ۵","۲"
"721","گلشهر","12.778","1150.0","90","1399","OK","OK","OK","۳","۲"
"722","گلشهر","9.077","1180.0","130","1398","OK","OK","OK","۳","۲"
"723","گلشهر","16.814","1849.5","110","1395","OK","OK","OK","۳","۲"
"724","گلشهر","12.794","870.0","68","1397","X","OK","OK","۳","۱"
"725","گلشهر","12.414","1440.0","116","1399","OK","OK","OK","۲","۲"
"726","گلشهر","23.158","2200.0","95","1397","OK","OK","OK","۱","۲"
"727","گلشهر","12.115","1260.0","104","1399","OK","OK","OK","۵","۲"
"728","گلشهر","12.636","1390.0","110","1399","OK","OK","OK","۳ از ۵","۲"
"729","گلشهر","10.593","1430.0","135","1396","OK","OK","OK","۴ از ۵","۳"
"730","گلشهر","10.0","1470.0","147","1398","OK","OK","OK","۲","۳"
"731","گلشهر","10.0","870.0","87","1396","OK","OK","OK","۱","۲"
"732","گلشهر","10.609","1220.0","115","1398","OK","OK","OK","۱ از ۵","۲"
"733","گلشهر","13.0","1820.0","140","1400","OK","OK","OK","۴ از ۵","۲"
"734","گلشهر","16.0","1760.0","110","1400","OK","OK","OK","۳ از ۵","۲"
"735","گلشهر","11.0","1177.0","107","1395","OK","OK","OK","۲ از ۴","۲"
"736","گلشهر","15.972","1150.0","72","1395","OK","OK","OK","۲ از ۴","۲"
"737","گلشهر","12.5","1400.0","112","1399","X","OK","OK","۲","۲"
"738","گلشهر","12.2","1403.0","115","1400","OK","OK","OK","۲","۲"
"739","گلشهر","11.993","1799.0","150","1400","OK","OK","OK","۴","۳"
"740","گلشهر","21.5","2064.0","96","1400","OK","OK","OK","۴","۲"
"741","گلشهر","18.571","1820.0","98","1400","OK","OK","OK","۲ از ۸","۲"
"742","گلشهر","8.621","1250.0","145","1400","OK","OK","OK","۴","۲"
"743","گلشهر","11.682","1250.0","107","1400","OK","OK","OK","۲","۲"
"744","گلشهر","9.794","950.0","97","1395","OK","OK","OK","۳ از ۷","۲"
"745","گلشهر","10.0","550.0","55","1395","OK","OK","OK","۴ از ۵","۱"
"746","گلشهر","11.958","1435.0","120","1400","OK","OK","OK","۵","۲"
"747","گلشهر","10.585","995.0","94","1397","OK","OK","OK","۲","۲"
"748","گلشهر","8.941","760.0","85","1395","X","OK","OK","۶ از ۶","۲"
"749","گلشهر","20.0","2240.0","112","1399","OK","OK","OK","۵ از ۵","۳"
"750","گلشهر","9.522","857.0","90","1397","OK","OK","OK","۴","۲"
"751","گلشهر","8.875","710.0","80","1396","X","OK","OK","۱ از ۶","۲"
"752","گلشهر","26.0","3952.0","152","1398","OK","OK","OK","۶ از ۶","۳"
"753","گلشهر","18.182","2000.0","110","1400","OK","OK","OK","۳","۲"
"754","گلشهر","11.0","715.0","65","1395","OK","OK","OK","۱","۱"
"755","گلشهر","19.388","1900.0","98","1400","OK","OK","OK","۱","۲"
"756","گلشهر","15.0","3000.0","200","1399","OK","OK","OK","۱ از ۶","۳"
"757","گلشهر","8.095","850.0","105","1396","OK","OK","OK","۵ از ۵","۲"
